enrollee_id,original_score,prediction,label
32403,0.35368362,0,No
9858,0.0995171,0,No
31806,0.28710827,0,No
27385,0.08593101,0,No
27724,0.11018847,0,No
217,0.35414088,0,No
21465,0.59676605,1,Yes
27302,0.50470746,1,Yes
12994,0.4646779,0,No
16287,0.19969249,0,No
10856,0.17502771,0,No
9272,0.1405215,0,No
14249,0.22256446,0,No
24372,0.035170365,0,No
14070,0.49510047,0,No
24914,0.41318548,0,No
7865,0.7022521,1,Yes
7463,0.09466857,0,No
21514,0.4125345,0,No
29033,0.516639,1,Yes
15359,0.48047093,0,No
16001,0.07942078,0,No
25202,0.50639796,1,Yes
5058,0.5187413,1,Yes
23570,0.07957784,0,No
19139,0.16726008,0,No
9548,0.06858713,0,No
8799,0.3220428,0,No
11113,0.1437982,0,No
394,0.19737656,0,No
7683,0.3108969,0,No
22849,0.10913841,0,No
17189,0.6382208,1,Yes
28610,0.07870031,0,No
25608,0.06997004,0,No
22139,0.081830196,0,No
19644,0.10636104,0,No
18517,0.5621146,1,Yes
12835,0.032577854,0,No
20178,0.22402371,0,No
25855,0.06240545,0,No
32126,0.105132274,0,No
22753,0.07687542,0,No
18133,0.5662107,1,Yes
29242,0.48721042,0,No
6312,0.3142344,0,No
113,0.052517224,0,No
14685,0.1521518,0,No
20768,0.28231728,0,No
25906,0.046280365,0,No
20142,0.06925075,0,No
25891,0.11430134,0,No
4742,0.15928462,0,No
2222,0.078949675,0,No
16917,0.17784937,0,No
10493,0.6961745,1,Yes
10418,0.24538916,0,No
9766,0.092730135,0,No
1361,0.27860165,0,No
19625,0.043804355,0,No
20943,0.10304852,0,No
9561,0.11120006,0,No
4271,0.147661,0,No
2094,0.15270984,0,No
16931,0.31392065,0,No
27298,0.47308058,0,No
26493,0.3388637,0,No
30745,0.43991503,0,No
21052,0.43685865,0,No
20723,0.6515853,1,Yes
13539,0.13369784,0,No
3214,0.045065206,0,No
16230,0.117553756,0,No
25300,0.029329969,0,No
24018,0.6143974,1,Yes
21833,0.054539103,0,No
30632,0.052481778,0,No
4334,0.09034026,0,No
22271,0.5447328,1,Yes
28776,0.11547535,0,No
27769,0.63051087,1,Yes
25909,0.092816524,0,No
31266,0.11005813,0,No
7973,0.060587827,0,No
30867,0.55136395,1,Yes
22501,0.076874636,0,No
2539,0.3461386,0,No
26681,0.061851036,0,No
16184,0.17509921,0,No
3852,0.09268245,0,No
1680,0.38206804,0,No
3562,0.114050716,0,No
8488,0.6710446,1,Yes
8373,0.10945737,0,No
2934,0.10017282,0,No
12919,0.48762065,0,No
4386,0.5991054,1,Yes
22462,0.31040975,0,No
13988,0.105093785,0,No
21230,0.21374878,0,No
26180,0.5920873,1,Yes
16658,0.037060637,0,No
10324,0.0410875,0,No
20453,0.08475947,0,No
13485,0.099145934,0,No
33080,0.041923493,0,No
25492,0.42622524,0,No
1319,0.61999565,1,Yes
19146,0.4333663,0,No
29339,0.071733855,0,No
33177,0.057151396,0,No
22143,0.06547021,0,No
22264,0.4675608,0,No
17034,0.10276298,0,No
27002,0.42689064,0,No
21318,0.07419073,0,No
12308,0.25137246,0,No
842,0.60889715,1,Yes
4926,0.055239238,0,No
3,0.047472306,0,No
19567,0.53639454,1,Yes
12809,0.031024931,0,No
22682,0.05421927,0,No
1216,0.07080835,0,No
4417,0.06655775,0,No
24162,0.6038344,1,Yes
16873,0.11699039,0,No
21920,0.17623061,0,No
5189,0.038469456,0,No
24396,0.16863535,0,No
770,0.17018819,0,No
30913,0.06725825,0,No
14566,0.13105898,0,No
15634,0.054875616,0,No
18163,0.1965307,0,No
16673,0.53233504,1,Yes
18805,0.047426477,0,No
15367,0.58103526,1,Yes
22556,0.21559826,0,No
27439,0.37359682,0,No
18426,0.4762743,0,No
9789,0.1135276,0,No
28172,0.051972788,0,No
9184,0.06476509,0,No
3587,0.12883745,0,No
1167,0.09804381,0,No
1663,0.4681782,0,No
20948,0.25865215,0,No
31594,0.05808361,0,No
27117,0.55215913,1,Yes
678,0.094808936,0,No
1441,0.338736,0,No
31272,0.435026,0,No
12443,0.0709489,0,No
32981,0.14926335,0,No
1317,0.02800989,0,No
4601,0.10858405,0,No
30498,0.3777891,0,No
7863,0.5806963,1,Yes
8744,0.1708854,0,No
14698,0.06197748,0,No
10021,0.033061977,0,No
15253,0.036104687,0,No
18108,0.063104436,0,No
31410,0.06705299,0,No
30532,0.06972023,0,No
31733,0.38098466,0,No
28833,0.5592307,1,Yes
8708,0.68596864,1,Yes
10050,0.14374581,0,No
21685,0.15587166,0,No
18529,0.15410101,0,No
1850,0.30033168,0,No
22639,0.14777409,0,No
5967,0.58519536,1,Yes
20977,0.036049742,0,No
5391,0.5588356,1,Yes
4398,0.5388551,1,Yes
18383,0.4648684,0,No
17336,0.37924495,0,No
7470,0.09138377,0,No
24781,0.060895976,0,No
24202,0.3942058,0,No
20650,0.20631726,0,No
5377,0.028206918,0,No
31693,0.07992245,0,No
28619,0.58260804,1,Yes
15432,0.047932085,0,No
22999,0.58049595,1,Yes
8377,0.06930217,0,No
9302,0.42271736,0,No
16158,0.054521427,0,No
29575,0.62599665,1,Yes
16573,0.030675719,0,No
30736,0.24513517,0,No
20612,0.5275588,1,Yes
11976,0.24594238,0,No
28302,0.04454749,0,No
9462,0.43115222,0,No
14512,0.69226325,1,Yes
8401,0.17515987,0,No
19780,0.16233265,0,No
2594,0.31784487,0,No
1466,0.17038779,0,No
17205,0.22280315,0,No
12990,0.07734918,0,No
4234,0.08713697,0,No
18171,0.46869218,0,No
15457,0.07234047,0,No
23319,0.5493293,1,Yes
10598,0.07088509,0,No
7788,0.23101008,0,No
32021,0.08316219,0,No
13037,0.074271224,0,No
30196,0.050192684,0,No
19504,0.57555574,1,Yes
16336,0.5566931,1,Yes
6048,0.09566223,0,No
6827,0.5705274,1,Yes
9268,0.038449712,0,No
11169,0.6540673,1,Yes
31131,0.35134602,0,No
15165,0.46304274,0,No
27773,0.044191137,0,No
15266,0.06666484,0,No
26289,0.1442172,0,No
32553,0.06681105,0,No
33062,0.023283534,0,No
8818,0.032549255,0,No
15380,0.5247218,1,Yes
30120,0.620355,1,Yes
24317,0.42367712,0,No
412,0.123900674,0,No
30607,0.28207937,0,No
8513,0.15853244,0,No
8596,0.0934442,0,No
14539,0.07247161,0,No
20456,0.42759126,0,No
15221,0.05636434,0,No
28968,0.24482462,0,No
21648,0.047389265,0,No
3210,0.09014341,0,No
22118,0.5106319,1,Yes
5605,0.36225507,0,No
30930,0.03643534,0,No
28718,0.41912866,0,No
8141,0.47171935,0,No
3486,0.11032862,0,No
8805,0.03736567,0,No
6602,0.117591575,0,No
14916,0.18074426,0,No
21636,0.0872161,0,No
9047,0.44266725,0,No
6694,0.065735236,0,No
17793,0.41889605,0,No
32857,0.024010405,0,No
26325,0.36343783,0,No
20907,0.13138798,0,No
12617,0.12402465,0,No
24295,0.098147675,0,No
32409,0.36798462,0,No
16713,0.039978802,0,No
4863,0.45225492,0,No
13274,0.33048943,0,No
12462,0.65544754,1,Yes
8524,0.055466183,0,No
21728,0.1197572,0,No
20577,0.35009438,0,No
3407,0.45093954,0,No
27184,0.12989317,0,No
28845,0.15721545,0,No
2851,0.15536341,0,No
485,0.1074186,0,No
7207,0.059113853,0,No
9005,0.4880639,0,No
4532,0.013649861,0,No
23235,0.15821916,0,No
5403,0.02913914,0,No
8232,0.036594003,0,No
40,0.48157406,0,No
8991,0.5038087,1,Yes
28620,0.032521714,0,No
16355,0.55783236,1,Yes
18340,0.29883814,0,No
5138,0.59176683,1,Yes
12391,0.13463369,0,No
15550,0.035405602,0,No
27155,0.020034868,0,No
19883,0.2146842,0,No
25140,0.4133909,0,No
27463,0.059789434,0,No
23894,0.53390825,1,Yes
18285,0.08620672,0,No
25415,0.3610543,0,No
9894,0.265587,0,No
15242,0.4148215,0,No
8485,0.5339016,1,Yes
11982,0.24498639,0,No
28370,0.3804915,0,No
17047,0.25447536,0,No
24941,0.5793757,1,Yes
28936,0.38556635,0,No
9562,0.319592,0,No
30061,0.016908722,0,No
2718,0.6866628,1,Yes
24681,0.11970945,0,No
16210,0.055448648,0,No
1517,0.13386214,0,No
29475,0.13104255,0,No
32233,0.63435596,1,Yes
26601,0.11713496,0,No
22457,0.47891262,0,No
30759,0.44111842,0,No
27417,0.10502585,0,No
18983,0.13951652,0,No
32085,0.39589152,0,No
13197,0.06782757,0,No
14026,0.5229457,1,Yes
19719,0.57246757,1,Yes
30046,0.25925642,0,No
10446,0.55122244,1,Yes
5907,0.2355527,0,No
1392,0.028639635,0,No
10348,0.07890781,0,No
7957,0.13499708,0,No
19058,0.08533239,0,No
19243,0.42369437,0,No
15910,0.07013221,0,No
30486,0.2009376,0,No
20333,0.4311048,0,No
6816,0.57310426,1,Yes
26209,0.05301573,0,No
10803,0.14857703,0,No
26411,0.15835209,0,No
31555,0.062342044,0,No
15564,0.11840172,0,No
28764,0.4173896,0,No
14172,0.1434766,0,No
3068,0.6003175,1,Yes
27164,0.03169311,0,No
20887,0.06787861,0,No
27102,0.07890218,0,No
14534,0.054241147,0,No
9021,0.03370646,0,No
6527,0.43491805,0,No
7615,0.07760752,0,No
11392,0.16922936,0,No
33148,0.47795957,0,No
20910,0.55921614,1,Yes
20269,0.08215321,0,No
23670,0.6725001,1,Yes
19946,0.13619505,0,No
29652,0.04100366,0,No
23770,0.102029674,0,No
24340,0.07873193,0,No
18737,0.0409667,0,No
24739,0.15558438,0,No
31072,0.21785827,0,No
32629,0.29038954,0,No
4184,0.029031556,0,No
19028,0.42200503,0,No
12295,0.14405836,0,No
17898,0.018956242,0,No
25160,0.44993493,0,No
13000,0.21945433,0,No
8849,0.06882427,0,No
4773,0.12593666,0,No
23867,0.45143387,0,No
25341,0.052994315,0,No
1456,0.5040121,1,Yes
22152,0.041277178,0,No
6560,0.030148959,0,No
22829,0.114869535,0,No
4745,0.10962025,0,No
22814,0.11890293,0,No
23233,0.040542845,0,No
26370,0.11958984,0,No
12695,0.38333964,0,No
11888,0.06126531,0,No
319,0.0932262,0,No
2510,0.5573099,1,Yes
5298,0.03665675,0,No
18400,0.16460106,0,No
30849,0.50024825,1,Yes
31123,0.12943019,0,No
15829,0.0749171,0,No
15578,0.07723766,0,No
4037,0.09268481,0,No
29658,0.03473162,0,No
10171,0.07033008,0,No
1937,0.14898957,0,No
7376,0.014201456,0,No
25243,0.05214342,0,No
9234,0.071113065,0,No
8471,0.119628236,0,No
5367,0.10678132,0,No
5576,0.093524635,0,No
5488,0.06558062,0,No
18306,0.04370934,0,No
2063,0.09257616,0,No
14205,0.42474383,0,No
16490,0.265329,0,No
10560,0.06666954,0,No
23064,0.09898217,0,No
32545,0.03249076,0,No
29833,0.5890105,1,Yes
14200,0.057261933,0,No
29830,0.45615876,0,No
13869,0.13077784,0,No
28259,0.09368369,0,No
9618,0.4582797,0,No
18209,0.49041787,0,No
27437,0.12956625,0,No
17129,0.3176031,0,No
8349,0.14256209,0,No
6179,0.07174903,0,No
28842,0.541386,1,Yes
26563,0.109822,0,No
19256,0.1565148,0,No
25579,0.061199255,0,No
27521,0.12726092,0,No
31378,0.10822047,0,No
14870,0.6341512,1,Yes
11929,0.10151278,0,No
14585,0.47579256,0,No
32487,0.51076937,1,Yes
15593,0.34233803,0,No
13170,0.0401495,0,No
24544,0.06527941,0,No
11613,0.4713575,0,No
30221,0.6536662,1,Yes
28251,0.2397897,0,No
4062,0.18591501,0,No
29018,0.41336975,0,No
26433,0.10180386,0,No
5489,0.41408083,0,No
19459,0.52136683,1,Yes
6017,0.21196832,0,No
24261,0.5764352,1,Yes
16705,0.1299377,0,No
16540,0.5573031,1,Yes
7508,0.097729586,0,No
32650,0.12582074,0,No
21381,0.6418254,1,Yes
9487,0.5524081,1,Yes
9040,0.20045285,0,No
12854,0.10399346,0,No
32495,0.5090293,1,Yes
1622,0.339309,0,No
15660,0.5873178,1,Yes
4052,0.15328923,0,No
23279,0.16609195,0,No
20286,0.19421488,0,No
13832,0.47155023,0,No
8066,0.22096245,0,No
31585,0.07299438,0,No
1249,0.05059368,0,No
10843,0.09411646,0,No
9706,0.3613313,0,No
14601,0.5690385,1,Yes
5823,0.21377198,0,No
1148,0.024748059,0,No
31284,0.101721585,0,No
21383,0.2274667,0,No
32156,0.29850268,0,No
14110,0.11992203,0,No
20035,0.6252441,1,Yes
20872,0.27229074,0,No
14568,0.5158411,1,Yes
12115,0.11056648,0,No
26440,0.07490178,0,No
28319,0.07589396,0,No
11654,0.30028898,0,No
22964,0.053232156,0,No
6834,0.12458534,0,No
15305,0.547701,1,Yes
14669,0.49078095,0,No
15978,0.04905019,0,No
32027,0.07575795,0,No
4806,0.18782711,0,No
23700,0.11652307,0,No
5956,0.14291933,0,No
2441,0.095360555,0,No
20068,0.36695668,0,No
18369,0.5907483,1,Yes
28121,0.36565164,0,No
15061,0.2655617,0,No
7443,0.025739096,0,No
14456,0.6092891,1,Yes
1864,0.032997843,0,No
23766,0.058808144,0,No
13051,0.28246734,0,No
25644,0.02924604,0,No
16941,0.06845395,0,No
30388,0.06420762,0,No
5861,0.080125384,0,No
9840,0.29129353,0,No
16203,0.074161634,0,No
23986,0.59887576,1,Yes
6889,0.030352924,0,No
3658,0.03402786,0,No
4004,0.015753066,0,No
14620,0.07046818,0,No
18979,0.03753244,0,No
25101,0.47459173,0,No
10873,0.14431453,0,No
24570,0.030659791,0,No
25051,0.62122107,1,Yes
22366,0.1342298,0,No
11762,0.13640139,0,No
9993,0.2501077,0,No
31464,0.055175193,0,No
5040,0.25260144,0,No
976,0.16701667,0,No
30784,0.05811712,0,No
31557,0.54732,1,Yes
22982,0.04509791,0,No
29300,0.04928969,0,No
5932,0.13066861,0,No
31852,0.375599,0,No
20833,0.06701807,0,No
9501,0.25391436,0,No
9707,0.5085173,1,Yes
20756,0.2468251,0,No
11541,0.15622278,0,No
28084,0.066222064,0,No
9726,0.513677,1,Yes
17440,0.20898578,0,No
30836,0.2576693,0,No
139,0.09776817,0,No
2606,0.4311636,0,No
14158,0.18458599,0,No
13100,0.24007563,0,No
30502,0.1338019,0,No
24245,0.044180784,0,No
28562,0.17251883,0,No
12735,0.2765286,0,No
4114,0.12474501,0,No
30367,0.4730109,0,No
5412,0.37864953,0,No
27834,0.050993677,0,No
4709,0.1091912,0,No
23880,0.23856685,0,No
18607,0.12882268,0,No
15527,0.030327745,0,No
13748,0.1425379,0,No
24331,0.42975974,0,No
10636,0.14900246,0,No
12488,0.4955729,0,No
16660,0.035717912,0,No
2892,0.08654731,0,No
6332,0.23907845,0,No
6504,0.53862613,1,Yes
19043,0.17775907,0,No
22715,0.09128695,0,No
27606,0.09578818,0,No
33052,0.090544984,0,No
6793,0.054375738,0,No
16595,0.64709806,1,Yes
18261,0.051031116,0,No
27307,0.51461744,1,Yes
25699,0.3628947,0,No
11707,0.089348,0,No
21613,0.6107259,1,Yes
32057,0.3833816,0,No
115,0.08254731,0,No
6823,0.01536294,0,No
14353,0.37766638,0,No
26805,0.66343975,1,Yes
15635,0.2569744,0,No
26417,0.050045256,0,No
3848,0.08732264,0,No
17211,0.4971556,0,No
13103,0.12533222,0,No
5243,0.3928848,0,No
2107,0.1485622,0,No
30974,0.080709785,0,No
2998,0.07376838,0,No
22975,0.5013511,1,Yes
27239,0.55432427,1,Yes
18463,0.44112957,0,No
30657,0.19016635,0,No
32075,0.5879562,1,Yes
31141,0.087478906,0,No
2340,0.0555155,0,No
21188,0.16464576,0,No
24156,0.55071867,1,Yes
32584,0.11530995,0,No
6515,0.62627,1,Yes
14292,0.053954255,0,No
16125,0.10936294,0,No
25802,0.3678669,0,No
19385,0.59746283,1,Yes
27304,0.096160635,0,No
3697,0.6276881,1,Yes
11800,0.40791598,0,No
180,0.14281714,0,No
7733,0.6057644,1,Yes
6935,0.09025186,0,No
4082,0.11402599,0,No
31959,0.05547223,0,No
25113,0.61650753,1,Yes
14329,0.46474212,0,No
15570,0.14927363,0,No
32516,0.43084008,0,No
2535,0.32421196,0,No
16014,0.06715713,0,No
24251,0.06363812,0,No
31019,0.11240799,0,No
21012,0.09073474,0,No
22140,0.34165835,0,No
21462,0.45136842,0,No
20786,0.391597,0,No
32404,0.21702902,0,No
16084,0.62187195,1,Yes
20103,0.34243926,0,No
22525,0.11327577,0,No
13230,0.33462584,0,No
29502,0.010348385,0,No
11646,0.05610264,0,No
6058,0.2227944,0,No
30892,0.0990829,0,No
31017,0.30413872,0,No
23803,0.08085722,0,No
6831,0.33532336,0,No
20380,0.54820776,1,Yes
15629,0.08482094,0,No
17342,0.3264942,0,No
22359,0.057819106,0,No
27610,0.11273307,0,No
26769,0.5192772,1,Yes
3979,0.19282702,0,No
25171,0.15019746,0,No
23379,0.61769855,1,Yes
18138,0.08932539,0,No
31687,0.0062055816,0,No
23739,0.28670743,0,No
8392,0.50947464,1,Yes
6427,0.39680868,0,No
27813,0.05137827,0,No
22527,0.6562344,1,Yes
33343,0.54677284,1,Yes
818,0.08626621,0,No
31669,0.45557657,0,No
10952,0.27739605,0,No
16331,0.06458828,0,No
32029,0.12237238,0,No
21152,0.15099207,0,No
23488,0.08853099,0,No
11945,0.34696293,0,No
1670,0.31919917,0,No
16104,0.050923765,0,No
4158,0.18337737,0,No
29781,0.012970857,0,No
6720,0.51660776,1,Yes
14369,0.31195512,0,No
20235,0.03872682,0,No
3617,0.09893928,0,No
30756,0.5035442,1,Yes
22625,0.56118643,1,Yes
22057,0.5225804,1,Yes
20635,0.4275949,0,No
1588,0.060200974,0,No
234,0.11490699,0,No
18752,0.7891414,1,Yes
18128,0.032641955,0,No
18260,0.4023851,0,No
19332,0.1258239,0,No
9564,0.12973216,0,No
5685,0.07166178,0,No
18063,0.19049285,0,No
27124,0.1043019,0,No
3395,0.18803811,0,No
22310,0.049698886,0,No
15977,0.20959166,0,No
4917,0.120785095,0,No
19102,0.07617387,0,No
23275,0.20450644,0,No
13157,0.34609956,0,No
13269,0.041551076,0,No
29977,0.516814,1,Yes
20571,0.043162443,0,No
23883,0.54103494,1,Yes
33033,0.4101268,0,No
5258,0.59745216,1,Yes
853,0.15133125,0,No
27245,0.45081982,0,No
30670,0.42519546,0,No
22497,0.22239883,0,No
3218,0.121420436,0,No
464,0.060285866,0,No
15770,0.015209575,0,No
18264,0.15617985,0,No
32066,0.56875056,1,Yes
11386,0.25027758,0,No
17502,0.40573385,0,No
32273,0.4910174,0,No
27543,0.0951794,0,No
16317,0.57387614,1,Yes
2852,0.11892524,0,No
5056,0.12792219,0,No
17504,0.52889967,1,Yes
24585,0.5337212,1,Yes
11734,0.06706507,0,No
16675,0.057841305,0,No
23344,0.65012395,1,Yes
21786,0.1280954,0,No
31079,0.47830933,0,No
33251,0.10717773,0,No
7805,0.076634765,0,No
8911,0.41428974,0,No
7315,0.40727845,0,No
28132,0.5679227,1,Yes
8367,0.44110578,0,No
27909,0.022864524,0,No
32320,0.119883604,0,No
15441,0.06431106,0,No
25999,0.57474846,1,Yes
20169,0.13960905,0,No
11682,0.44070357,0,No
26581,0.19474976,0,No
14832,0.61206865,1,Yes
18023,0.22536525,0,No
18963,0.040487014,0,No
9105,0.0744146,0,No
18344,0.5679757,1,Yes
576,0.07731409,0,No
2656,0.24322607,0,No
16881,0.14207056,0,No
30245,0.58202785,1,Yes
9630,0.078084804,0,No
3580,0.121696375,0,No
14773,0.05705539,0,No
31238,0.20986529,0,No
1633,0.13718493,0,No
1995,0.4169439,0,No
30587,0.08115519,0,No
32369,0.07853707,0,No
3722,0.3807986,0,No
10721,0.071033396,0,No
407,0.10555723,0,No
31098,0.050855085,0,No
4053,0.09553952,0,No
13782,0.603999,1,Yes
20767,0.30030873,0,No
20113,0.07536231,0,No
4674,0.40206993,0,No
2444,0.49314803,0,No
19966,0.13906924,0,No
26367,0.24923743,0,No
19508,0.07595541,0,No
13006,0.1489845,0,No
7563,0.085466854,0,No
25993,0.022604281,0,No
18013,0.19734436,0,No
27699,0.07533289,0,No
3003,0.048666228,0,No
6620,0.12917295,0,No
4364,0.04384098,0,No
2296,0.048222598,0,No
17958,0.28550923,0,No
9740,0.12897201,0,No
1304,0.101876095,0,No
28735,0.086481154,0,No
32212,0.13319568,0,No
14053,0.4298329,0,No
22641,0.04597662,0,No
17900,0.72193503,1,Yes
31333,0.07429138,0,No
501,0.29589254,0,No
18104,0.07942272,0,No
6092,0.22166489,0,No
17249,0.057474457,0,No
1227,0.4461167,0,No
23515,0.17222153,0,No
16309,0.12526342,0,No
5368,0.4994406,0,No
27693,0.07277362,0,No
2582,0.058371965,0,No
12096,0.45532456,0,No
17526,0.16690922,0,No
23647,0.051895607,0,No
11440,0.48557785,0,No
7942,0.110935,0,No
12064,0.41186646,0,No
2170,0.3014434,0,No
15663,0.5667746,1,Yes
18378,0.37887895,0,No
5943,0.09927979,0,No
8578,0.13727164,0,No
28645,0.2501578,0,No
5101,0.47348687,0,No
14529,0.110818006,0,No
26235,0.47073317,0,No
24260,0.101022325,0,No
17549,0.5187591,1,Yes
17610,0.07558976,0,No
10246,0.32458085,0,No
8990,0.32742047,0,No
20459,0.5468805,1,Yes
22775,0.5978233,1,Yes
11212,0.07320044,0,No
11963,0.11121719,0,No
14516,0.6904044,1,Yes
6464,0.09138955,0,No
31981,0.019952295,0,No
19350,0.10171235,0,No
675,0.09813791,0,No
3374,0.24162884,0,No
24495,0.043188035,0,No
8484,0.13848697,0,No
12459,0.56441534,1,Yes
29414,0.10985354,0,No
10548,0.060976766,0,No
29383,0.5521579,1,Yes
13373,0.6280391,1,Yes
21283,0.16912799,0,No
2280,0.6634686,1,Yes
5624,0.14196083,0,No
6778,0.47350746,0,No
2926,0.38181654,0,No
20431,0.11351208,0,No
29537,0.05516549,0,No
4450,0.67836815,1,Yes
25833,0.41914394,0,No
33112,0.05178142,0,No
547,0.053401742,0,No
9270,0.21456052,0,No
15566,0.07881207,0,No
30826,0.07127434,0,No
250,0.15207873,0,No
25714,0.5461259,1,Yes
28267,0.53867775,1,Yes
4504,0.51548404,1,Yes
12581,0.07715991,0,No
15483,0.19575112,0,No
2894,0.21887487,0,No
15726,0.061837025,0,No
17117,0.10711945,0,No
14182,0.5554511,1,Yes
3699,0.19715795,0,No
29624,0.62009376,1,Yes
16168,0.22765872,0,No
9800,0.14787774,0,No
9544,0.5668712,1,Yes
1433,0.29725432,0,No
27458,0.3893156,0,No
4804,0.5262648,1,Yes
24376,0.06237695,0,No
31613,0.08709339,0,No
26895,0.09438251,0,No
17085,0.1568236,0,No
22698,0.56276625,1,Yes
146,0.12630105,0,No
24022,0.5337668,1,Yes
14658,0.08324826,0,No
21548,0.046020318,0,No
9827,0.15925808,0,No
18544,0.29486397,0,No
28874,0.051384,0,No
6361,0.17460254,0,No
13089,0.04113667,0,No
23426,0.0643628,0,No
22520,0.50279105,1,Yes
9649,0.040578686,0,No
23255,0.50784427,1,Yes
24081,0.637405,1,Yes
23116,0.022533884,0,No
27338,0.5533327,1,Yes
14873,0.25996083,0,No
11886,0.38240656,0,No
9207,0.03761442,0,No
3291,0.06929216,0,No
5002,0.23924479,0,No
6768,0.39096275,0,No
6281,0.16187373,0,No
11155,0.077702805,0,No
14342,0.2685125,0,No
10394,0.014424163,0,No
14014,0.08382611,0,No
28671,0.08007356,0,No
5109,0.064851135,0,No
31775,0.071202785,0,No
17944,0.04065342,0,No
7499,0.08021012,0,No
13124,0.53884053,1,Yes
22808,0.65761614,1,Yes
29695,0.09071995,0,No
6167,0.3286945,0,No
137,0.105973676,0,No
19494,0.06783207,0,No
33277,0.6740398,1,Yes
3760,0.17278348,0,No
6837,0.6365979,1,Yes
27220,0.079508394,0,No
26985,0.11113676,0,No
23667,0.06847067,0,No
7793,0.20714784,0,No
11502,0.6420669,1,Yes
5882,0.43382576,0,No
24978,0.5404888,1,Yes
25866,0.10223302,0,No
30020,0.18450916,0,No
5380,0.06309974,0,No
20045,0.059853394,0,No
26651,0.12300141,0,No
14077,0.07381494,0,No
32000,0.36450407,0,No
26694,0.68195033,1,Yes
167,0.44678628,0,No
28381,0.16236125,0,No
24612,0.08157667,0,No
17481,0.23199649,0,No
28007,0.541582,1,Yes
26178,0.511226,1,Yes
13467,0.22865517,0,No
5720,0.70616597,1,Yes
18565,0.44123554,0,No
17018,0.06378723,0,No
13047,0.08474649,0,No
20475,0.5338485,1,Yes
5150,0.111954115,0,No
31451,0.4739785,0,No
14621,0.06264376,0,No
29123,0.09620228,0,No
13949,0.50660396,1,Yes
2269,0.70159626,1,Yes
12814,0.055066865,0,No
5255,0.3836673,0,No
3880,0.076148175,0,No
25297,0.09658367,0,No
27008,0.33138424,0,No
1886,0.02642406,0,No
31129,0.15166877,0,No
1123,0.18295443,0,No
9149,0.06853032,0,No
21962,0.20843722,0,No
462,0.6871287,1,Yes
2677,0.47566095,0,No
18648,0.07146597,0,No
25612,0.1667204,0,No
2784,0.19904707,0,No
33064,0.49567777,0,No
3543,0.07278062,0,No
16419,0.12974691,0,No
31606,0.43937707,0,No
5800,0.11404506,0,No
9032,0.033285886,0,No
32908,0.21421053,0,No
31186,0.021048265,0,No
18411,0.62602705,1,Yes
7636,0.09362111,0,No
25586,0.12822922,0,No
560,0.129576,0,No
5514,0.070586056,0,No
3624,0.04957542,0,No
1274,0.07311532,0,No
4957,0.19250281,0,No
7424,0.048583537,0,No
12055,0.42794517,0,No
9163,0.32941148,0,No
29171,0.12228555,0,No
16193,0.09609291,0,No
25623,0.523403,1,Yes
2575,0.13285995,0,No
21353,0.58439404,1,Yes
9106,0.067695536,0,No
30470,0.4196976,0,No
20437,0.08882448,0,No
18316,0.71489406,1,Yes
11956,0.13096824,0,No
8713,0.41692695,0,No
12951,0.25634682,0,No
23795,0.14333238,0,No
25933,0.34133542,0,No
14271,0.11545373,0,No
344,0.03784069,0,No
31672,0.5099325,1,Yes
6400,0.12533739,0,No
30719,0.05872424,0,No
26660,0.04954998,0,No
14428,0.5971784,1,Yes
6225,0.19828938,0,No
7773,0.53283054,1,Yes
7720,0.08744803,0,No
2018,0.14881632,0,No
5485,0.16891994,0,No
23288,0.16198123,0,No
33010,0.052015338,0,No
4819,0.087750584,0,No
3127,0.17833167,0,No
32360,0.09346868,0,No
23133,0.034853622,0,No
28972,0.53979015,1,Yes
7439,0.33391863,0,No
28333,0.37801433,0,No
25726,0.061787184,0,No
15009,0.10088899,0,No
20205,0.16911486,0,No
31245,0.09117766,0,No
10810,0.44506755,0,No
1172,0.39809236,0,No
10809,0.2971084,0,No
16944,0.4572372,0,No
12829,0.09490112,0,No
24246,0.06154117,0,No
33108,0.13842882,0,No
5484,0.14304437,0,No
20725,0.122393526,0,No
19501,0.44237146,0,No
19468,0.38620088,0,No
1097,0.1156318,0,No
31984,0.14711346,0,No
172,0.16165945,0,No
4899,0.263765,0,No
19171,0.12410289,0,No
21296,0.2195016,0,No
14156,0.20463033,0,No
31565,0.07586089,0,No
21308,0.5810903,1,Yes
691,0.13385782,0,No
15225,0.06064167,0,No
852,0.18977539,0,No
3413,0.42621842,0,No
33234,0.15318678,0,No
13314,0.63200647,1,Yes
30921,0.02199682,0,No
17072,0.27823135,0,No
31230,0.40541348,0,No
6689,0.14672814,0,No
19117,0.33020115,0,No
32259,0.062745646,0,No
15640,0.72910476,1,Yes
16690,0.0387858,0,No
10928,0.5175238,1,Yes
10640,0.12715244,0,No
14904,0.07710796,0,No
5160,0.050150443,0,No
8239,0.6130447,1,Yes
11912,0.055655356,0,No
23554,0.07032495,0,No
17221,0.6095062,1,Yes
25072,0.048572134,0,No
19240,0.084908076,0,No
12151,0.107700706,0,No
26963,0.034736913,0,No
2889,0.25376034,0,No
19260,0.06650156,0,No
7626,0.6682039,1,Yes
31896,0.226708,0,No
17673,0.07150328,0,No
12645,0.4974962,0,No
13726,0.47354242,0,No
14240,0.5235169,1,Yes
5113,0.17423466,0,No
32646,0.1937161,0,No
30645,0.087429546,0,No
14500,0.5132843,1,Yes
16525,0.03264692,0,No
20663,0.06797476,0,No
8897,0.5667559,1,Yes
10049,0.068700716,0,No
13543,0.26365444,0,No
1250,0.10160572,0,No
16345,0.5579736,1,Yes
3673,0.1349365,0,No
17165,0.5994666,1,Yes
8587,0.10375149,0,No
28390,0.5136881,1,Yes
18101,0.17279662,0,No
3408,0.32906505,0,No
3619,0.110567786,0,No
9335,0.14470893,0,No
31337,0.32351437,0,No
18903,0.045516413,0,No
1406,0.089088,0,No
31133,0.5794315,1,Yes
30475,0.060582075,0,No
11339,0.15262492,0,No
10455,0.23581484,0,No
22881,0.40733805,0,No
29667,0.086427875,0,No
16517,0.035241768,0,No
15094,0.037083905,0,No
2682,0.17568511,0,No
7679,0.62206477,1,Yes
2954,0.062449288,0,No
12709,0.57441884,1,Yes
24845,0.03044724,0,No
6829,0.31117803,0,No
12810,0.09611581,0,No
20607,0.18055053,0,No
10429,0.09327628,0,No
18781,0.44308504,0,No
21189,0.1015256,0,No
19996,0.09621893,0,No
24837,0.06825414,0,No
4955,0.096631184,0,No
32766,0.06148427,0,No
6209,0.43416348,0,No
24293,0.5795835,1,Yes
28090,0.042725988,0,No
11842,0.22777003,0,No
13211,0.3203302,0,No
26309,0.12898146,0,No
4832,0.24234009,0,No
23885,0.071045764,0,No
27278,0.09927582,0,No
32853,0.14798427,0,No
3264,0.1226509,0,No
9997,0.1550994,0,No
21496,0.0941543,0,No
20570,0.56698775,1,Yes
11907,0.07166574,0,No
28629,0.13519658,0,No
31388,0.088039264,0,No
14538,0.6067517,1,Yes
28,0.024557171,0,No
32099,0.52041596,1,Yes
6356,0.30167723,0,No
16058,0.031858105,0,No
10198,0.11684273,0,No
24993,0.42404497,0,No
28864,0.076973386,0,No
1206,0.08420216,0,No
14412,0.07191337,0,No
19987,0.31045058,0,No
15586,0.22240666,0,No
17424,0.06813286,0,No
19783,0.19203202,0,No
15763,0.069145285,0,No
6433,0.5521253,1,Yes
7881,0.08972676,0,No
9237,0.1177834,0,No
26656,0.13441108,0,No
14019,0.34848955,0,No
27036,0.15616821,0,No
8304,0.012371299,0,No
16458,0.38471672,0,No
16138,0.15784633,0,No
8701,0.067707576,0,No
14281,0.02765077,0,No
1968,0.03359471,0,No
742,0.042790443,0,No
17953,0.28746334,0,No
660,0.040040925,0,No
10829,0.11488366,0,No
14159,0.12706885,0,No
13603,0.108953975,0,No
18232,0.07954554,0,No
14574,0.4987954,0,No
24725,0.14175935,0,No
10737,0.061507896,0,No
15141,0.14447412,0,No
25308,0.5571193,1,Yes
23084,0.09303412,0,No
25465,0.10743531,0,No
12340,0.054179445,0,No
15589,0.18440656,0,No
129,0.11858481,0,No
19641,0.10834755,0,No
8083,0.07313174,0,No
4166,0.07270102,0,No
14586,0.58364254,1,Yes
21822,0.049254056,0,No
2415,0.22203161,0,No
1382,0.43876344,0,No
30373,0.08275048,0,No
1135,0.07509852,0,No
29230,0.20740288,0,No
16972,0.110550724,0,No
25730,0.08660794,0,No
17021,0.04520594,0,No
19032,0.12544267,0,No
6154,0.123858646,0,No
2744,0.03459483,0,No
621,0.484748,0,No
14035,0.6224421,1,Yes
13621,0.47054315,0,No
19202,0.074551925,0,No
29010,0.6151828,1,Yes
3606,0.05671765,0,No
22214,0.08768497,0,No
16245,0.13942382,0,No
30639,0.035250735,0,No
28365,0.04610463,0,No
30546,0.071407385,0,No
7792,0.3227875,0,No
12846,0.6354585,1,Yes
25038,0.2399952,0,No
17919,0.38476667,0,No
6465,0.09024348,0,No
13836,0.09434237,0,No
30399,0.041039523,0,No
27949,0.09473688,0,No
27512,0.045314807,0,No
22507,0.08771192,0,No
656,0.19574091,0,No
23663,0.5297181,1,Yes
30907,0.051156037,0,No
30023,0.045146704,0,No
22045,0.1822912,0,No
2209,0.06828661,0,No
4838,0.4947669,0,No
28498,0.0658775,0,No
1179,0.3212318,0,No
10682,0.15069358,0,No
20707,0.22221516,0,No
31228,0.32153758,0,No
11642,0.069877625,0,No
14477,0.65272933,1,Yes
25737,0.33869168,0,No
21032,0.5228225,1,Yes
30770,0.44308436,0,No
28733,0.084678404,0,No
26032,0.47766295,0,No
2421,0.4766205,0,No
6027,0.04009894,0,No
7266,0.56222844,1,Yes
20956,0.11462301,0,No
26068,0.20614669,0,No
20179,0.11069955,0,No
32956,0.027417181,0,No
12570,0.566465,1,Yes
7689,0.68670094,1,Yes
19653,0.14662847,0,No
8447,0.14492387,0,No
18513,0.10830946,0,No
4066,0.07481465,0,No
613,0.16807903,0,No
12437,0.05441696,0,No
20917,0.360603,0,No
12505,0.60483915,1,Yes
22510,0.36959368,0,No
6642,0.24980308,0,No
8562,0.27293018,0,No
13030,0.09994875,0,No
33291,0.34777105,0,No
10469,0.5147267,1,Yes
30777,0.1157787,0,No
31756,0.38532618,0,No
3879,0.050245892,0,No
16255,0.6725042,1,Yes
5050,0.50519055,1,Yes
4273,0.28664947,0,No
14867,0.04178494,0,No
16180,0.41943473,0,No
8491,0.041297242,0,No
23514,0.15240937,0,No
14398,0.13087386,0,No
11444,0.20900947,0,No
22303,0.058873214,0,No
7391,0.28742048,0,No
9195,0.5363413,1,Yes
7519,0.26060447,0,No
15307,0.23643242,0,No
24683,0.076762065,0,No
27067,0.6169932,1,Yes
11327,0.11255972,0,No
2529,0.47448397,0,No
31349,0.045896307,0,No
30739,0.066085756,0,No
32141,0.06922499,0,No
7759,0.41042146,0,No
16286,0.3422649,0,No
5381,0.08299023,0,No
16782,0.28911257,0,No
8122,0.085317574,0,No
4370,0.44012332,0,No
13883,0.16814306,0,No
21673,0.06288779,0,No
24268,0.052266654,0,No
17200,0.14265011,0,No
31533,0.06441034,0,No
23172,0.0470354,0,No
1647,0.17049246,0,No
1276,0.08358762,0,No
19942,0.51573676,1,Yes
26888,0.5157274,1,Yes
11667,0.16879092,0,No
3890,0.035465676,0,No
17267,0.5500012,1,Yes
4934,0.031572532,0,No
2752,0.6628253,1,Yes
6413,0.056958046,0,No
5817,0.06731911,0,No
27952,0.3993882,0,No
6402,0.12779474,0,No
2358,0.6141271,1,Yes
7645,0.6078465,1,Yes
15411,0.1520716,0,No
32727,0.4914229,0,No
32693,0.087793805,0,No
471,0.16283774,0,No
16922,0.11087209,0,No
31991,0.017185219,0,No
16212,0.5555092,1,Yes
22477,0.54931384,1,Yes
11514,0.10721013,0,No
28290,0.14238994,0,No
11473,0.084303014,0,No
28584,0.05088147,0,No
9209,0.100351594,0,No
30158,0.062244896,0,No
18492,0.44587386,0,No
18940,0.06825054,0,No
30512,0.31993514,0,No
19654,0.29671586,0,No
16577,0.15035342,0,No
17836,0.4889207,0,No
29074,0.22463268,0,No
25155,0.61037534,1,Yes
31796,0.26288593,0,No
30965,0.0620266,0,No
20419,0.46658808,0,No
27143,0.36618906,0,No
33134,0.25460732,0,No
21657,0.5337933,1,Yes
14255,0.046754558,0,No
11728,0.0719387,0,No
915,0.11576448,0,No
7987,0.49418497,0,No
25241,0.052887373,0,No
18483,0.12987472,0,No
7032,0.09405918,0,No
31668,0.124174416,0,No
22870,0.032137185,0,No
13142,0.06458467,0,No
11481,0.0800133,0,No
1679,0.09568034,0,No
15849,0.47279456,0,No
22392,0.53392285,1,Yes
29223,0.033138894,0,No
5296,0.08282708,0,No
25329,0.061005533,0,No
15164,0.4698655,0,No
5780,0.10441979,0,No
14767,0.08398958,0,No
7926,0.5203306,1,Yes
32606,0.114982665,0,No
30295,0.4892578,0,No
2436,0.10265955,0,No
12407,0.041351072,0,No
5509,0.09687216,0,No
33300,0.09348092,0,No
12374,0.11612472,0,No
23562,0.31444165,0,No
27420,0.4830537,0,No
15974,0.080406964,0,No
13204,0.33256668,0,No
12453,0.5895756,1,Yes
21071,0.20070492,0,No
795,0.21432546,0,No
80,0.07863196,0,No
8509,0.18886979,0,No
27199,0.07682613,0,No
4393,0.06102148,0,No
26993,0.59143496,1,Yes
9753,0.4374929,0,No
17074,0.105943725,0,No
9291,0.05529568,0,No
21210,0.06793351,0,No
6548,0.08746549,0,No
5601,0.7412282,1,Yes
29159,0.0790969,0,No
20909,0.059019238,0,No
13140,0.25065836,0,No
8903,0.09136985,0,No
20079,0.036755603,0,No
24628,0.14156508,0,No
5482,0.051166154,0,No
16050,0.16140075,0,No
18581,0.40498972,0,No
14438,0.57832277,1,Yes
8031,0.069766715,0,No
32710,0.098487064,0,No
5857,0.21246496,0,No
28799,0.023083227,0,No
19726,0.12935589,0,No
6191,0.3149923,0,No
32521,0.04844753,0,No
29176,0.063350864,0,No
28278,0.16623528,0,No
2625,0.011608688,0,No
15587,0.13706553,0,No
14741,0.07406187,0,No
19210,0.077725776,0,No
21015,0.054830935,0,No
2010,0.09834177,0,No
8942,0.40867582,0,No
9586,0.20403886,0,No
6444,0.101938844,0,No
1604,0.06531865,0,No
24158,0.60538375,1,Yes
24017,0.22072063,0,No
24362,0.11991553,0,No
29969,0.038984258,0,No
16831,0.06434604,0,No
28518,0.34519872,0,No
21039,0.020862533,0,No
1776,0.06843969,0,No
1678,0.08071765,0,No
11188,0.3730895,0,No
5346,0.18378265,0,No
25867,0.40892377,0,No
8335,0.042170558,0,No
29417,0.08991134,0,No
28383,0.38362074,0,No
31485,0.10741718,0,No
11330,0.087276384,0,No
13259,0.073879644,0,No
7539,0.06529842,0,No
18271,0.65672046,1,Yes
19556,0.0903922,0,No
31232,0.5652753,1,Yes
1175,0.18349667,0,No
8107,0.1630283,0,No
2768,0.12138103,0,No
26448,0.14666341,0,No
22700,0.2308202,0,No
10287,0.081887394,0,No
21246,0.14590491,0,No
9098,0.1936681,0,No
17952,0.1052796,0,No
3889,0.14788938,0,No
268,0.05610263,0,No
27376,0.20639873,0,No
22042,0.34523976,0,No
32395,0.1290781,0,No
16955,0.17411017,0,No
15027,0.075968534,0,No
27771,0.053625528,0,No
25918,0.10109595,0,No
28694,0.052064434,0,No
10523,0.6535213,1,Yes
12163,0.262397,0,No
10279,0.4471852,0,No
20918,0.05173997,0,No
22940,0.027935177,0,No
11283,0.13919267,0,No
15682,0.13816561,0,No
29890,0.06775565,0,No
24998,0.11867693,0,No
15853,0.050661862,0,No
14581,0.053493943,0,No
27390,0.10721529,0,No
21976,0.10538553,0,No
28808,0.2806005,0,No
14285,0.09285742,0,No
7784,0.071859635,0,No
15973,0.56050265,1,Yes
24155,0.41760132,0,No
24815,0.07324958,0,No
21023,0.37382907,0,No
27787,0.076059334,0,No
24378,0.52745146,1,Yes
7346,0.030133056,0,No
25958,0.05651014,0,No
32635,0.51937526,1,Yes
1985,0.29291877,0,No
288,0.08057355,0,No
27281,0.05324117,0,No
7953,0.33649805,0,No
366,0.4328632,0,No
27108,0.06279468,0,No
9514,0.053174056,0,No
17386,0.1489542,0,No
4889,0.09713618,0,No
22974,0.2605117,0,No
28176,0.042705994,0,No
17224,0.11792969,0,No
32636,0.4727038,0,No
21511,0.06886211,0,No
25408,0.5469788,1,Yes
10308,0.06877806,0,No
6509,0.5918817,1,Yes
12676,0.04630901,0,No
22320,0.071787216,0,No
19403,0.63977075,1,Yes
25679,0.244671,0,No
25097,0.59727174,1,Yes
30538,0.14784114,0,No
29321,0.11331833,0,No
5083,0.13168985,0,No
17194,0.10173944,0,No
25371,0.062082794,0,No
25629,0.06938252,0,No
2790,0.54644734,1,Yes
31615,0.06890038,0,No
9134,0.59218204,1,Yes
23968,0.07834585,0,No
24908,0.5630296,1,Yes
22712,0.07518287,0,No
11063,0.27968943,0,No
16129,0.19706519,0,No
25292,0.033363093,0,No
11796,0.5512622,1,Yes
31234,0.33601657,0,No
4581,0.08859949,0,No
17703,0.16356528,0,No
30036,0.2575345,0,No
9837,0.27894345,0,No
2715,0.06810423,0,No
22652,0.20262237,0,No
15158,0.08857778,0,No
830,0.104300454,0,No
24660,0.043604784,0,No
2915,0.12782013,0,No
18322,0.14426135,0,No
23189,0.056092884,0,No
25544,0.046355195,0,No
15534,0.44228682,0,No
12312,0.57604384,1,Yes
7789,0.37344202,0,No
6335,0.030498428,0,No
17675,0.05473486,0,No
7156,0.0810807,0,No
14816,0.2024699,0,No
31402,0.32602367,0,No
12759,0.110340066,0,No
18706,0.39104185,0,No
5266,0.15103762,0,No
27308,0.51153016,1,Yes
6721,0.59297675,1,Yes
667,0.06825404,0,No
3027,0.06923635,0,No
24238,0.54482293,1,Yes
28911,0.046224087,0,No
18575,0.3648066,0,No
15098,0.06750125,0,No
33308,0.46091902,0,No
185,0.045137,0,No
25603,0.3187886,0,No
27386,0.17631502,0,No
28630,0.050718036,0,No
32243,0.052529693,0,No
3635,0.06100518,0,No
30957,0.44084144,0,No
2326,0.1211739,0,No
17950,0.5820147,1,Yes
32910,0.43735513,0,No
32353,0.31401455,0,No
13462,0.5986551,1,Yes
28937,0.06710269,0,No
29276,0.50558674,1,Yes
16082,0.15611425,0,No
515,0.1266683,0,No
31826,0.08848868,0,No
14515,0.17826864,0,No
26722,0.5583903,1,Yes
2937,0.034959503,0,No
30103,0.05178991,0,No
25100,0.036277674,0,No
13397,0.079803795,0,No
8413,0.23929448,0,No
11413,0.534275,1,Yes
9556,0.25891817,0,No
28061,0.56762594,1,Yes
32374,0.05114016,0,No
16251,0.670713,1,Yes
23674,0.4357157,0,No
16689,0.113618985,0,No
8042,0.071559675,0,No
9055,0.3838185,0,No
12674,0.09794024,0,No
16328,0.09840536,0,No
22099,0.11979189,0,No
6314,0.1431799,0,No
4579,0.10696069,0,No
11640,0.5724291,1,Yes
5126,0.08807654,0,No
11401,0.15695798,0,No
5841,0.06892373,0,No
1838,0.6177552,1,Yes
6398,0.058035776,0,No
18267,0.33174106,0,No
22591,0.5960033,1,Yes
12996,0.4209877,0,No
8514,0.073934935,0,No
3862,0.068206035,0,No
29762,0.09449757,0,No
32795,0.59105283,1,Yes
9918,0.06883994,0,No
10162,0.08918206,0,No
18847,0.19531523,0,No
26138,0.26446116,0,No
30294,0.2146361,0,No
31629,0.06520262,0,No
32019,0.30583042,0,No
29341,0.07547026,0,No
31465,0.11024321,0,No
19158,0.061181583,0,No
26354,0.102020934,0,No
2936,0.08287522,0,No
24820,0.20823719,0,No
29326,0.50983727,1,Yes
32022,0.09393499,0,No
10478,0.518832,1,Yes
24800,0.48199382,0,No
29243,0.046630155,0,No
22835,0.2887463,0,No
6615,0.42093945,0,No
32152,0.07691766,0,No
7281,0.088945866,0,No
7314,0.15533912,0,No
5479,0.58666813,1,Yes
28427,0.07752461,0,No
18166,0.33249503,0,No
18384,0.5100809,1,Yes
23628,0.4743334,0,No
18665,0.24825615,0,No
20691,0.41234934,0,No
10260,0.6238372,1,Yes
4586,0.64164495,1,Yes
610,0.110129766,0,No
17389,0.4791313,0,No
12558,0.5404082,1,Yes
16395,0.037147503,0,No
11770,0.14258422,0,No
27991,0.28303355,0,No
27425,0.21920854,0,No
25585,0.53390217,1,Yes
20758,0.049184132,0,No
4791,0.23988974,0,No
18816,0.561472,1,Yes
31466,0.43406546,0,No
12500,0.12039142,0,No
1928,0.6177548,1,Yes
15385,0.21854433,0,No
14264,0.054860953,0,No
29541,0.0444562,0,No
8426,0.10295095,0,No
11148,0.16307727,0,No
22661,0.098502494,0,No
19550,0.49479836,0,No
15384,0.37875152,0,No
1443,0.042513292,0,No
14491,0.012585921,0,No
3275,0.09268385,0,No
5265,0.23485361,0,No
15865,0.32169852,0,No
8539,0.068654485,0,No
25995,0.1669885,0,No
12288,0.04974399,0,No
25411,0.2968836,0,No
12189,0.62359583,1,Yes
27933,0.05229607,0,No
11273,0.08053906,0,No
30859,0.24534474,0,No
15521,0.07733305,0,No
25054,0.45214167,0,No
11506,0.1557381,0,No
5934,0.15190549,0,No
3689,0.2084383,0,No
27337,0.38020152,0,No
15911,0.11411221,0,No
32996,0.11786867,0,No
10663,0.058493778,0,No
18356,0.5726556,1,Yes
30679,0.013524742,0,No
7347,0.12412333,0,No
31951,0.5174804,1,Yes
13009,0.2638405,0,No
6452,0.11808409,0,No
19294,0.052432243,0,No
12946,0.10223151,0,No
8375,0.42381135,0,No
8043,0.087672055,0,No
4063,0.08501096,0,No
14821,0.048194114,0,No
16107,0.48382473,0,No
23465,0.54773074,1,Yes
18698,0.09439855,0,No
24582,0.09795806,0,No
19239,0.2139344,0,No
9664,0.14154707,0,No
17300,0.5551407,1,Yes
21257,0.071125284,0,No
26856,0.06257746,0,No
29283,0.0774876,0,No
30846,0.14173941,0,No
24670,0.07711984,0,No
11391,0.080815166,0,No
13823,0.099123195,0,No
25931,0.06296609,0,No
14638,0.08178369,0,No
29031,0.5396442,1,Yes
14883,0.6400804,1,Yes
17924,0.39707258,0,No
30951,0.0134008415,0,No
9051,0.5463468,1,Yes
6963,0.13057625,0,No
3559,0.14495094,0,No
9700,0.091330096,0,No
11849,0.30677652,0,No
22737,0.13773143,0,No
6969,0.22310768,0,No
31870,0.06215024,0,No
25263,0.16679358,0,No
21049,0.46885252,0,No
17307,0.3941144,0,No
19471,0.11630165,0,No
22338,0.07326598,0,No
18519,0.6088362,1,Yes
8752,0.15625618,0,No
17254,0.27091536,0,No
31441,0.11855818,0,No
13175,0.0772143,0,No
2122,0.5396363,1,Yes
10655,0.44103572,0,No
20900,0.07733839,0,No
25977,0.55051076,1,Yes
8038,0.43394133,0,No
9275,0.5224487,1,Yes
26576,0.14477126,0,No
8184,0.5793849,1,Yes
25181,0.049296856,0,No
27059,0.113241486,0,No
17920,0.14135294,0,No
14932,0.23099524,0,No
2491,0.04786788,0,No
22450,0.57194835,1,Yes
12831,0.04376759,0,No
24057,0.5241145,1,Yes
27854,0.16673146,0,No
9083,0.03331218,0,No
26670,0.46940532,0,No
5709,0.079342335,0,No
31995,0.34517443,0,No
11845,0.16548678,0,No
14052,0.09509041,0,No
22407,0.6716525,1,Yes
33353,0.052192774,0,No
32278,0.5445674,1,Yes
14069,0.44338074,0,No
828,0.046010103,0,No
16574,0.11367562,0,No
6742,0.5905405,1,Yes
6583,0.01752548,0,No
15159,0.03612533,0,No
16614,0.14523089,0,No
27456,0.14511913,0,No
16462,0.46507663,0,No
32105,0.39068338,0,No
22464,0.42668125,0,No
20165,0.14022687,0,No
2610,0.18766293,0,No
18668,0.0657741,0,No
20361,0.6167935,1,Yes
1055,0.15755947,0,No
19794,0.37864983,0,No
4810,0.6145571,1,Yes
16560,0.558013,1,Yes
5236,0.3643161,0,No
28886,0.4340215,0,No
18338,0.18494482,0,No
25697,0.113601685,0,No
15150,0.077263705,0,No
5005,0.21197769,0,No
8358,0.05705818,0,No
27297,0.61336106,1,Yes
19413,0.40447766,0,No
5111,0.15241146,0,No
13477,0.455894,0,No
2120,0.19839256,0,No
28293,0.04021619,0,No
31481,0.6187801,1,Yes
25635,0.016650949,0,No
14041,0.05395179,0,No
10311,0.2811373,0,No
13925,0.040401664,0,No
2183,0.50241286,1,Yes
23188,0.10150787,0,No
8982,0.08257873,0,No
20064,0.061775252,0,No
21604,0.64248085,1,Yes
3991,0.16806269,0,No
3307,0.11340791,0,No
4343,0.15218486,0,No
24642,0.20870253,0,No
12008,0.04927513,0,No
22200,0.16514231,0,No
2789,0.14424478,0,No
22697,0.55949205,1,Yes
20321,0.10680076,0,No
13470,0.15115637,0,No
31236,0.41649592,0,No
32607,0.5538499,1,Yes
8216,0.35192767,0,No
5320,0.035675716,0,No
30466,0.063490786,0,No
24026,0.534557,1,Yes
30013,0.043905687,0,No
22342,0.145799,0,No
370,0.33494395,0,No
30365,0.58766866,1,Yes
30316,0.52756226,1,Yes
28350,0.16460693,0,No
11927,0.3301891,0,No
31708,0.5068274,1,Yes
25882,0.4209938,0,No
16079,0.39578134,0,No
21788,0.17432483,0,No
2530,0.23674148,0,No
20640,0.13955025,0,No
7148,0.14084832,0,No
20308,0.49877653,0,No
2196,0.06932396,0,No
17225,0.05754185,0,No
28163,0.13048948,0,No
16164,0.14739455,0,No
11460,0.42970145,0,No
2900,0.46741042,0,No
1026,0.11745462,0,No
8049,0.09810377,0,No
12413,0.06265616,0,No
17269,0.06297722,0,No
3885,0.04395295,0,No
5194,0.029474687,0,No
11644,0.28029108,0,No
28377,0.029383054,0,No
25914,0.62084556,1,Yes
24947,0.10578667,0,No
32540,0.2817185,0,No
1346,0.12577201,0,No
13220,0.17954174,0,No
19336,0.044143908,0,No
7416,0.1432452,0,No
26996,0.010863671,0,No
26859,0.0913003,0,No
13498,0.07102776,0,No
17659,0.07039067,0,No
25173,0.040536474,0,No
12002,0.020274013,0,No
22468,0.560139,1,Yes
25106,0.07759774,0,No
11730,0.044303153,0,No
21871,0.057054568,0,No
19543,0.11132288,0,No
4842,0.28408566,0,No
12874,0.41807505,0,No
19725,0.5895073,1,Yes
27614,0.014924397,0,No
322,0.06531903,0,No
29603,0.075672425,0,No
28292,0.062390037,0,No
423,0.07896085,0,No
22858,0.041907102,0,No
16449,0.11579706,0,No
26195,0.1111027,0,No
29710,0.41986296,0,No
11901,0.23267794,0,No
8170,0.075738445,0,No
31818,0.4687626,0,No
10618,0.32511562,0,No
10217,0.10097022,0,No
13819,0.2846514,0,No
13722,0.1335403,0,No
18100,0.18005975,0,No
5029,0.05153236,0,No
31473,0.10673513,0,No
26801,0.34332454,0,No
18912,0.04675469,0,No
27030,0.36380783,0,No
3647,0.08588567,0,No
4222,0.4977154,0,No
25614,0.6098758,1,Yes
19648,0.6600754,1,Yes
22430,0.6028437,1,Yes
15851,0.1255233,0,No
301,0.043295097,0,No
18825,0.055223264,0,No
31758,0.5660598,1,Yes
5898,0.7423075,1,Yes
17932,0.025628343,0,No
30260,0.04887072,0,No
17669,0.09510093,0,No
14806,0.07675716,0,No
22480,0.4247935,0,No
29259,0.06508664,0,No
22746,0.05441347,0,No
9852,0.46406,0,No
30,0.23756818,0,No
17854,0.03144715,0,No
9205,0.3681233,0,No
17779,0.5854869,1,Yes
20154,0.11479279,0,No
16828,0.39997596,0,No
7387,0.0872983,0,No
31802,0.4411726,0,No
17188,0.34426063,0,No
7300,0.043778226,0,No
12136,0.18886198,0,No
21899,0.25373378,0,No
10834,0.61979365,1,Yes
20841,0.5114763,1,Yes
5962,0.6283936,1,Yes
7813,0.1714492,0,No
10847,0.22322904,0,No
30109,0.5850943,1,Yes
3312,0.06380304,0,No
12884,0.0669218,0,No
20514,0.045847435,0,No
8411,0.10582996,0,No
16798,0.06487241,0,No
27389,0.08604568,0,No
32783,0.22594182,0,No
10230,0.03448078,0,No
5980,0.3379763,0,No
29832,0.5319726,1,Yes
18719,0.5547918,1,Yes
23024,0.07233947,0,No
29629,0.603763,1,Yes
8112,0.49151304,0,No
13953,0.058579296,0,No
17450,0.5062507,1,Yes
9752,0.5533294,1,Yes
10167,0.07594189,0,No
181,0.48444697,0,No
1476,0.13753024,0,No
16816,0.10567583,0,No
16023,0.1807324,0,No
12059,0.067525685,0,No
28220,0.0680558,0,No
18822,0.07816247,0,No
17720,0.07859061,0,No
13419,0.06365412,0,No
23734,0.13439852,0,No
6610,0.044901013,0,No
18569,0.04486045,0,No
25136,0.1344375,0,No
21469,0.17959751,0,No
19752,0.09580951,0,No
32453,0.040856946,0,No
24625,0.06854449,0,No
32745,0.053142782,0,No
15144,0.0634308,0,No
26541,0.0468202,0,No
14132,0.12984042,0,No
2580,0.068936124,0,No
32229,0.33084846,0,No
11638,0.19194268,0,No
7132,0.57870275,1,Yes
22168,0.11880272,0,No
29886,0.4713596,0,No
5130,0.024329875,0,No
923,0.047135185,0,No
28035,0.26630476,0,No
17153,0.20173846,0,No
30428,0.47604036,0,No
14687,0.078518294,0,No
26621,0.65020835,1,Yes
19744,0.067398675,0,No
32698,0.043053027,0,No
15049,0.515029,1,Yes
32808,0.45187017,0,No
7535,0.068117715,0,No
20622,0.63321024,1,Yes
22863,0.118579246,0,No
21845,0.06053457,0,No
16135,0.039365828,0,No
15095,0.10024944,0,No
29703,0.22686785,0,No
14785,0.59319496,1,Yes
20150,0.06470391,0,No
19473,0.34016228,0,No
26862,0.070072204,0,No
3377,0.08398359,0,No
21166,0.5324572,1,Yes
24684,0.05401018,0,No
32511,0.19567251,0,No
10587,0.42727724,0,No
23210,0.052138735,0,No
8243,0.07299982,0,No
2046,0.16586515,0,No
875,0.09531942,0,No
437,0.0636523,0,No
9208,0.4056109,0,No
31361,0.26749888,0,No
3432,0.69165343,1,Yes
17066,0.07044891,0,No
17993,0.18051581,0,No
4879,0.07052033,0,No
32898,0.52356887,1,Yes
28680,0.07819433,0,No
10304,0.18525542,0,No
26899,0.048259664,0,No
23403,0.40547273,0,No
21936,0.15926608,0,No
26927,0.6605584,1,Yes
25713,0.09102796,0,No
23976,0.4956217,0,No
29908,0.028864091,0,No
17426,0.52043,1,Yes
9806,0.22955438,0,No
25886,0.03111923,0,No
2736,0.012692927,0,No
26688,0.060562987,0,No
19261,0.49052313,0,No
16728,0.13019882,0,No
8837,0.05276495,0,No
9345,0.028297499,0,No
25696,0.08619758,0,No
33236,0.039978456,0,No
7258,0.454222,0,No
4274,0.047081813,0,No
18287,0.10998615,0,No
25062,0.06849978,0,No
11144,0.013779454,0,No
11404,0.49021223,0,No
13232,0.0932922,0,No
21968,0.5683019,1,Yes
12142,0.6228383,1,Yes
30796,0.11256645,0,No
23735,0.35805807,0,No
26679,0.0808874,0,No
21726,0.08490334,0,No
5171,0.59806174,1,Yes
3180,0.048825093,0,No
26950,0.4628702,0,No
24234,0.3711378,0,No
32649,0.4332712,0,No
4377,0.5739834,1,Yes
545,0.08521745,0,No
13114,0.05287727,0,No
22786,0.4170709,0,No
21335,0.37033826,0,No
13292,0.35471046,0,No
25862,0.044581093,0,No
37,0.4368012,0,No
25890,0.076095864,0,No
22037,0.071826026,0,No
29304,0.31663936,0,No
19816,0.06002911,0,No
7012,0.5830251,1,Yes
23338,0.46418005,0,No
30621,0.41175625,0,No
11855,0.19133797,0,No
14062,0.0756215,0,No
952,0.072929926,0,No
28695,0.5947646,1,Yes
25255,0.08764531,0,No
14684,0.0495297,0,No
2599,0.047005925,0,No
27764,0.6594073,1,Yes
22708,0.57799596,1,Yes
13605,0.31498793,0,No
3445,0.04677339,0,No
12029,0.09288369,0,No
28494,0.43344176,0,No
26151,0.04216481,0,No
30903,0.08710491,0,No
23078,0.15447526,0,No
3520,0.28202695,0,No
23948,0.077316366,0,No
20536,0.4695437,0,No
12472,0.21010396,0,No
12756,0.07187028,0,No
634,0.048624624,0,No
11458,0.49342167,0,No
20348,0.26109847,0,No
21057,0.06410748,0,No
26446,0.23277271,0,No
24170,0.05078154,0,No
16216,0.076713175,0,No
28349,0.09015738,0,No
17295,0.08382533,0,No
33316,0.31571114,0,No
5280,0.2588159,0,No
11201,0.31758487,0,No
26483,0.31360558,0,No
10977,0.047218665,0,No
33290,0.44921017,0,No
27216,0.5081775,1,Yes
7877,0.059279114,0,No
5650,0.1523016,0,No
6590,0.13435116,0,No
13464,0.560608,1,Yes
25639,0.077604175,0,No
12406,0.2200205,0,No
32113,0.06269577,0,No
3787,0.09845442,0,No
23606,0.1918562,0,No
7522,0.19216968,0,No
15293,0.4773486,0,No
7564,0.35005662,0,No
19218,0.09621922,0,No
19678,0.03243302,0,No
19499,0.04659051,0,No
13962,0.06405549,0,No
22744,0.22251047,0,No
21887,0.44273898,0,No
28552,0.28347492,0,No
10726,0.21302046,0,No
6294,0.09010261,0,No
13833,0.5555133,1,Yes
31643,0.09945601,0,No
21500,0.1533859,0,No
33225,0.13315676,0,No
8905,0.20326947,0,No
9772,0.07706107,0,No
27163,0.083406046,0,No
24507,0.40182334,0,No
21339,0.41876155,0,No
1289,0.16611786,0,No
195,0.3127303,0,No
31762,0.07559227,0,No
7873,0.17531899,0,No
12215,0.15744437,0,No
